<?xml version="1.0" encoding="UTF-8" ?>
<extension type="package" version="3.0" method="upgrade">
	<name>JCK Suite</name>
	<author>Andrew Williams</author>
	<creationDate>Nov 2014</creationDate>
 	<packagename>jcksuite</packagename>
	 <version>6.6.2</version>
	 <url>http://www.webxsolution.com</url>
	 <packager>Webxsolution</packager>
	 <packagerurl>http://www.webxsolution.com</packagerurl>
	 <description>PLG_JCK_SUITE_XML_DESC</description>
	 <license>GNU/GPLv2</license>
	 <languages>
		<language tag="en-GB">language/en-GB/en-GB.pkg_jcksuite.sys.ini</language>
		<language tag="de-DE">language/de-DE/de-DE.pkg_jcksuite.sys.ini</language>
		<language tag="es-ES">language/es-ES/es-ES.pkg_jcksuite.sys.ini</language>
		<language tag="fi-FI">language/fi-FI/fi-FI.pkg_jcksuite.sys.ini</language>
		<language tag="fr-FR">language/fr-FR/fr-FR.pkg_jcksuite.sys.ini</language>
		<language tag="it-IT">language/it-IT/it-IT.pkg_jcksuite.sys.ini</language>
		<language tag="nl-NL">language/nl-NL/nl-NL.pkg_jcksuite.sys.ini</language>
		<language tag="ru-RU">language/ru-RU/ru-RU.pkg_jcksuite.sys.ini</language>
	</languages>
	 <files folder="packages">
		 <file type="plugin" id="jckeditor" group="editors">plg_jckeditor.zip</file>
		 <file type="plugin" id="jckmodal" group="system">plg_jckmodal1.1.zip</file>
		 <file type="component" id="com_jckman">com_jckman.zip</file>
	 </files>
	 <scriptfile>install.php</scriptfile>
</extension>