<?xml version="1.0" encoding="utf-8"?>
<install version="1.5" client="both" type="language" method="upgrade">
  <name>Portuguese (Brazil) language pack for K2</name>
  <author>getk2.org</author>
  <authorEmail>nospam@getk2.org</authorEmail>
  <authorUrl>getk2.org</authorUrl>
  <creationDate>June 25, 2012</creationDate>
  <copyright>Copyright (c) 2006 - 2011 JoomlaWorks Ltd. All rights reserved.</copyright>
  <license>http://www.gnu.org/licenses/gpl-2.0.html GNU/GPL</license>
  <version>2.5.0</version>
  <description>Portuguese (Brazil) language pack for K2</description>
  <tag>pt-BR</tag>
  <administration>
    <files folder="administrator">
      <filename>pt-BR.com_k2.ini</filename>
      <filename>pt-BR.com_k2.j16.ini</filename>
      <filename>pt-BR.com_k2.sys.ini</filename>
      <filename>pt-BR.mod_k2.j16.ini</filename>
      <filename>pt-BR.mod_k2_quickicons.ini</filename>
      <filename>pt-BR.mod_k2_stats.ini</filename>
      <filename>pt-BR.plg_search_k2.ini</filename>
      <filename>pt-BR.plg_system_k2.ini</filename>
      <filename>pt-BR.plg_user_k2.ini</filename>
      <filename>pt-BR.com_k2.menu.ini</filename>
      <filename>pt-BR.mod_k2_quickicons.sys.ini</filename>
      <filename>pt-BR.mod_k2_stats.sys.ini</filename>
      <filename>pt-BR.plg_finder_k2.ini</filename>
      <filename>pt-BR.plg_finder_k2.sys.ini</filename>
      <filename>pt-BR.plg_system_k2.sys.ini</filename>
      <filename>pt-BR.plg_search_k2.sys.ini</filename>
      <filename>pt-BR.plg_user_k2.sys.ini</filename>
    </files>
  </administration>
  <site>
    <files folder="site">
      <filename>pt-BR.com_k2.ini</filename>
      <filename>pt-BR.mod_k2_comments.ini</filename>
      <filename>pt-BR.mod_k2_content.ini</filename>
      <filename>pt-BR.mod_k2_login.ini</filename>
      <filename>pt-BR.mod_k2_tools.ini</filename>
      <filename>pt-BR.mod_k2_users.ini</filename>
      <filename>pt-BR.mod_k2_user.ini</filename>
      <filename>pt-BR.mod_k2_comments.sys.ini</filename>
      <filename>pt-BR.mod_k2_content.sys.ini</filename>
      <filename>pt-BR.mod_k2_login.sys.ini</filename>
      <filename>pt-BR.mod_k2_tools.sys.ini</filename>
      <filename>pt-BR.mod_k2_user.sys.ini</filename>
      <filename>pt-BR.mod_k2_users.sys.ini</filename>
    </files>
  </site>
</install>
